,AUROC,AUPRC,Brier
ERM-LogReg,0.5082757410658646,0.03147947968034516,0.5213353945289317
ERM-MLP,0.4991983021547385,0.030544580994383105,0.5172672062158108
ERM-XGB,0.5094969895603638,0.03142988019357277,0.5219637798600366
IRM,0.5074419857928671,0.032032803679161934,0.06459230193301232
DANN,0.5005672966300753,0.03044066357643103,0.5194521215543153
GroupDRO,0.5107805412537151,0.03186747870935156,0.04907764846448847
SCDT,0.5084291467181583,0.03143554517390494,0.0663264287642057
CIDT,0.5115810360091798,0.03185797047283822,0.06393411776194209
