{
  "ATE_weather_on_anomalous_event": -0.0006397753664500183,
  "Original_Risk": 0.10016666666666667,
  "Interventional_Risk_Rainy": 0.14020604070069279,
  "ICS": 1
}