Data_fraction,OOD_AUROC,Convergence_epoch
0.1,0.4918077777087028,10
0.25,0.4901700635306313,11
0.5,0.49556637535353054,10
1.0,0.49130571476079765,9
