Model,Features,AUROC,Brier,Accuracy,MCC
ERM-LR,Full,1.0,3.1551430456338117e-06,1.0,1.0
ERM-LR,NoRule,0.49617355716317213,0.24563460983851504,0.5676666666666667,0.0
ERM-MLP,Full,1.0,2.8198551495430682e-09,1.0,1.0
ERM-MLP,NoRule,0.5043603321907777,0.27709728964146485,0.5195,0.0024845212727102476
ERM-XGB,Full,1.0,8.33335704643455e-08,1.0,1.0
ERM-XGB,NoRule,0.5008924141079893,0.24729698778151696,0.5609166666666666,0.011878823345487718
