Model,OOD_AUROC,Brier
ERM-LR,0.9905761813532286,0.09037130912143025
ERM-MLP,0.9984779523733165,0.005775078891059997
ERM-XGB,1.0,8.82777170575254e-08
IRM,0.991551936378795,0.09112039554966574
DANN,0.9999993971611111,0.0204497980056928
GroupDRO,0.9935103187932612,0.09222637925908804
SCTM,0.9916379012043515,0.09502575376414767
CIDT,1.0,7.307456092740284e-06
