lambda,AUROC,Brier
0.01,0.9904813877818227,0.028488220349692436
0.1,0.9900406772302133,0.02624259182580467
1.0,0.9909539030628067,0.026659924474714294
