Model,AUROC,Brier,Accuracy,MCC
ERM-LR,1.0,3.1551430456338117e-06,1.0,1.0
ERM-MLP,1.0,2.4776423554891925e-09,1.0,1.0
ERM-XGB,1.0,8.33335704643455e-08,1.0,1.0
IRM,0.988515097173069,0.03498067162509426,0.9624166666666667,0.9234295974156135
DANN,0.998675576367343,0.01522859083262182,0.9895,0.9786116631552708
GroupDRO,0.9872972646574528,0.030513914008477732,0.9634166666666667,0.9254144191969325
SCTM,0.9900677282277952,0.028115290502457455,0.97,0.9388508454834301
CIDT,1.0,7.27865926396025e-06,1.0,1.0
